pc_timestamp,topology,distance_m,payload_bytes,from_node,source_label,seq,sent_us,recv_us,latency_ms,msg_length
2026-07-06 11:48:34.513,3x3,3,1024,3552645,LEAF_11,0,687950104,687982925,32.821,1116
2026-07-06 11:48:35.514,3x3,3,1024,3552645,LEAF_11,1,688950105,688983813,33.708,1116
2026-07-06 11:49:44.291,3x3,3,1024,3552645,LEAF_11,0,757734109,757765878,31.769,1116
2026-07-06 11:49:45.285,3x3,3,1024,3552645,LEAF_11,1,758734110,758759439,25.329,1116
2026-07-06 11:49:46.303,3x3,3,1024,3552645,LEAF_11,2,759734101,759777065,42.964,1116
2026-07-06 11:49:47.320,3x3,3,1024,3552645,LEAF_11,3,760734106,760794838,60.732,1116
2026-07-06 11:49:48.353,3x3,3,1024,3552645,LEAF_11,4,761734108,761828204,94.096,1116
2026-07-06 11:49:49.284,3x3,3,1024,3552645,LEAF_11,5,762734116,762759123,25.007,1116
2026-07-06 11:49:50.294,3x3,3,1024,3552645,LEAF_11,6,763734101,763768617,34.516,1116
2026-07-06 11:49:51.307,3x3,3,1024,3552645,LEAF_11,7,764734106,764781878,47.772,1116
2026-07-06 11:49:52.289,3x3,3,1024,3552645,LEAF_11,8,765734096,765763881,29.785,1116
2026-07-06 11:49:53.288,3x3,3,1024,3552645,LEAF_11,9,766734122,766763123,29.001,1116
2026-07-06 11:49:54.288,3x3,3,1024,3552645,LEAF_11,10,767734161,767762933,28.772,1117
2026-07-06 11:49:55.292,3x3,3,1024,3552645,LEAF_11,11,768734089,768767308,33.219,1117
2026-07-06 11:49:56.286,3x3,3,1024,3552645,LEAF_11,12,769734100,769761393,27.293,1117
2026-07-06 11:49:57.296,3x3,3,1024,3552645,LEAF_11,13,770734100,770761129,27.029,1117
2026-07-06 11:49:58.304,3x3,3,1024,3552645,LEAF_11,14,771734124,771779516,45.392,1117
2026-07-06 11:49:59.307,3x3,3,1024,3552645,LEAF_11,15,772734115,772781658,47.543,1117
2026-07-06 11:50:00.287,3x3,3,1024,3552645,LEAF_11,16,773734088,773762901,28.813,1117
2026-07-06 11:50:01.494,3x3,3,1024,3552645,LEAF_11,17,774734093,774778751,44.658,1117
2026-07-06 11:50:02.289,3x3,3,1024,3552645,LEAF_11,18,775734089,775764511,30.422,1117
2026-07-06 11:50:03.288,3x3,3,1024,3552645,LEAF_11,19,776734125,776763108,28.983,1117
2026-07-06 11:50:04.312,3x3,3,1024,3552645,LEAF_11,20,777734088,777787228,53.140,1117
2026-07-06 11:50:05.296,3x3,3,1024,3552645,LEAF_11,21,778734100,778760594,26.494,1117
2026-07-06 11:50:06.285,3x3,3,1024,3552645,LEAF_11,22,779734122,779760696,26.574,1117
2026-07-06 11:50:07.295,3x3,3,1024,3552645,LEAF_11,23,780734107,780770255,36.148,1117
2026-07-06 11:50:08.290,3x3,3,1024,3552645,LEAF_11,24,781734100,781766099,31.999,1117
2026-07-06 11:50:09.300,3x3,3,1024,3552645,LEAF_11,25,782734126,782775497,41.371,1117
2026-07-06 11:50:10.296,3x3,3,1024,3552645,LEAF_11,26,783734110,783771398,37.288,1117
2026-07-06 11:50:11.291,3x3,3,1024,3552645,LEAF_11,27,784734106,784767479,33.373,1117
2026-07-06 11:50:12.291,3x3,3,1024,3552645,LEAF_11,28,785734093,785766830,32.737,1117
2026-07-06 11:50:13.290,3x3,3,1024,3552645,LEAF_11,29,786734110,786765802,31.692,1117
2026-07-06 11:50:14.332,3x3,3,1024,3552645,LEAF_11,30,787734100,787808053,73.953,1117
2026-07-06 11:50:15.302,3x3,3,1024,3552645,LEAF_11,31,788734088,788778034,43.946,1117
2026-07-06 11:50:16.309,3x3,3,1024,3552645,LEAF_11,32,789734109,789785830,51.721,1117
2026-07-06 11:50:17.292,3x3,3,1024,3552645,LEAF_11,33,790734116,790768080,33.964,1117
2026-07-06 11:50:18.322,3x3,3,1024,3552645,LEAF_11,34,791734105,791798341,64.236,1117
2026-07-06 11:50:19.295,3x3,3,1024,3552645,LEAF_11,35,792734144,792771021,36.877,1117
2026-07-06 11:50:20.294,3x3,3,1024,3552645,LEAF_11,36,793735464,793770633,35.169,1117
2026-07-06 11:50:21.286,3x3,3,1024,3552645,LEAF_11,37,794735463,794762619,27.156,1117
2026-07-06 11:50:22.315,3x3,3,1024,3552645,LEAF_11,38,795735425,795791629,56.204,1117
2026-07-06 11:50:23.306,3x3,3,1024,3552645,LEAF_11,39,796735434,796782776,47.342,1117
2026-07-06 11:50:24.296,3x3,3,1024,3552645,LEAF_11,40,797735440,797772404,36.964,1117
2026-07-06 11:50:25.284,3x3,3,1024,3552645,LEAF_11,41,798735434,798760513,25.079,1117
2026-07-06 11:50:26.301,3x3,3,1024,3552645,LEAF_11,42,799735435,799777466,42.031,1117
2026-07-06 11:50:27.292,3x3,3,1024,3552645,LEAF_11,43,800735441,800768517,33.076,1117
2026-07-06 11:50:28.285,3x3,3,1024,3552645,LEAF_11,44,801735427,801762367,26.940,1117
2026-07-06 11:50:29.677,3x3,3,1024,3552645,LEAF_11,45,802735429,803154473,419.044,1117
2026-07-06 11:50:30.327,3x3,3,1024,3552645,LEAF_11,46,803735468,803803613,68.145,1117
2026-07-06 11:50:31.284,3x3,3,1024,3552645,LEAF_11,47,804735466,804760416,24.950,1117
2026-07-06 11:50:32.294,3x3,3,1024,3552645,LEAF_11,48,805735464,805770099,34.635,1117
2026-07-06 11:50:33.306,3x3,3,1024,3552645,LEAF_11,49,806735424,806783040,47.616,1117
2026-07-06 11:50:34.289,3x3,3,1024,3552645,LEAF_11,50,807735464,807765983,30.519,1117
2026-07-06 11:50:35.288,3x3,3,1024,3552645,LEAF_11,51,808735434,808765408,29.974,1117
2026-07-06 11:50:36.289,3x3,3,1024,3552645,LEAF_11,52,809735452,809766270,30.818,1117
2026-07-06 11:50:37.291,3x3,3,1024,3552645,LEAF_11,53,810735431,810768247,32.816,1117
2026-07-06 11:50:38.299,3x3,3,1024,3552645,LEAF_11,54,811735437,811776200,40.763,1117
2026-07-06 11:50:39.291,3x3,3,1024,3552645,LEAF_11,55,812735436,812767649,32.213,1117
2026-07-06 11:50:40.287,3x3,3,1024,3552645,LEAF_11,56,813735464,813763722,28.258,1117
2026-07-06 11:50:41.288,3x3,3,1024,3552645,LEAF_11,57,814735443,814765462,30.019,1117
2026-07-06 11:50:42.385,3x3,3,1024,3552645,LEAF_11,58,815735458,815862695,127.237,1117
2026-07-06 11:50:43.284,3x3,3,1024,3552645,LEAF_11,59,816735441,816762009,26.568,1117
2026-07-06 11:50:44.289,3x3,3,1024,3552645,LEAF_11,60,817735448,817766450,31.002,1117
2026-07-06 11:50:45.293,3x3,3,1024,3552645,LEAF_11,61,818735424,818770457,35.033,1117
2026-07-06 11:50:46.286,3x3,3,1024,3552645,LEAF_11,62,819735458,819763861,28.403,1117
2026-07-06 11:50:47.291,3x3,3,1024,3552645,LEAF_11,63,820735456,820768765,33.309,1117
2026-07-06 11:50:48.291,3x3,3,1024,3552645,LEAF_11,64,821735452,821767911,32.459,1117
2026-07-06 11:50:49.299,3x3,3,1024,3552645,LEAF_11,65,822735451,822776802,41.351,1117
2026-07-06 11:50:50.309,3x3,3,1024,3552645,LEAF_11,66,823735425,823786137,50.712,1117
2026-07-06 11:50:51.301,3x3,3,1024,3552645,LEAF_11,67,824735429,824779382,43.953,1117
2026-07-06 11:50:52.287,3x3,3,1024,3552645,LEAF_11,68,825735442,825765129,29.687,1117
2026-07-06 11:50:53.359,3x3,3,1024,3552645,LEAF_11,69,826735440,826837838,102.398,1117
2026-07-06 11:50:54.292,3x3,3,1024,3552645,LEAF_11,70,827735463,827769914,34.451,1117
2026-07-06 11:50:55.313,3x3,3,1024,3552645,LEAF_11,71,828735457,828790538,55.081,1117
2026-07-06 11:50:56.300,3x3,3,1024,3552645,LEAF_11,72,829735440,829778459,43.019,1117
2026-07-06 11:50:57.302,3x3,3,1024,3552645,LEAF_11,73,830735426,830780507,45.081,1117
2026-07-06 11:50:58.317,3x3,3,1024,3552645,LEAF_11,74,831735493,831795819,60.326,1117
2026-07-06 11:50:59.321,3x3,3,1024,3552645,LEAF_11,75,832735444,832798755,63.311,1117
2026-07-06 11:51:00.291,3x3,3,1024,3552645,LEAF_11,76,833735444,833769573,34.129,1117
2026-07-06 11:51:01.360,3x3,3,1024,3552645,LEAF_11,77,834735447,834838524,103.077,1117
2026-07-06 11:51:02.283,3x3,3,1024,3552645,LEAF_11,78,835735434,835761987,26.553,1117
2026-07-06 11:51:03.308,3x3,3,1024,3552645,LEAF_11,79,836735454,836786140,50.686,1117
2026-07-06 11:51:04.285,3x3,3,1024,3552645,LEAF_11,80,837735432,837764383,28.951,1117
2026-07-06 11:51:05.283,3x3,3,1024,3552645,LEAF_11,81,838735426,838762046,26.620,1117
2026-07-06 11:51:06.284,3x3,3,1024,3552645,LEAF_11,82,839735423,839762923,27.500,1117
2026-07-06 11:51:07.297,3x3,3,1024,3552645,LEAF_11,83,840735447,840775574,40.127,1117
2026-07-06 11:51:08.297,3x3,3,1024,3552645,LEAF_11,84,841735448,841775932,40.484,1117
2026-07-06 11:51:09.284,3x3,3,1024,3552645,LEAF_11,85,842735426,842763054,27.628,1117
2026-07-06 11:51:10.294,3x3,3,1024,3552645,LEAF_11,86,843735432,843772704,37.272,1117
2026-07-06 11:51:11.290,3x3,3,1024,3552645,LEAF_11,87,844735453,844768277,32.824,1117
2026-07-06 11:51:12.292,3x3,3,1024,3552645,LEAF_11,88,845735432,845771118,35.686,1117
2026-07-06 11:51:13.284,3x3,3,1024,3552645,LEAF_11,89,846735454,846763721,28.267,1117
2026-07-06 11:51:14.288,3x3,3,1024,3552645,LEAF_11,90,847735423,847766824,31.401,1117
2026-07-06 11:51:15.285,3x3,3,1024,3552645,LEAF_11,91,848735420,848764613,29.193,1117
2026-07-06 11:51:16.293,3x3,3,1024,3552645,LEAF_11,92,849735455,849772496,37.041,1117
2026-07-06 11:51:17.290,3x3,3,1024,3552645,LEAF_11,93,850735434,850769879,34.445,1117
2026-07-06 11:51:18.291,3x3,3,1024,3552645,LEAF_11,94,851735440,851770612,35.172,1117
2026-07-06 11:51:19.309,3x3,3,1024,3552645,LEAF_11,95,852735484,852788178,52.694,1117
2026-07-06 11:51:20.286,3x3,3,1024,3552645,LEAF_11,96,853739392,853764411,25.019,1117
2026-07-06 11:51:21.295,3x3,3,1024,3552645,LEAF_11,97,854739361,854774084,34.723,1117
2026-07-06 11:51:22.283,3x3,3,1024,3552645,LEAF_11,98,855739350,855763057,23.707,1117
2026-07-06 11:51:23.283,3x3,3,1024,3552645,LEAF_11,99,856739371,856762705,23.334,1117
2026-07-06 11:51:24.295,3x3,3,1024,3552645,LEAF_11,100,857739354,857775190,35.836,1118
2026-07-06 11:51:25.297,3x3,3,1024,3552645,LEAF_11,101,858739387,858776768,37.381,1118
2026-07-06 11:51:26.283,3x3,3,1024,3552645,LEAF_11,102,859739362,859762852,23.490,1118
2026-07-06 11:51:27.290,3x3,3,1024,3552645,LEAF_11,103,860739371,860770627,31.256,1118
2026-07-06 11:51:28.289,3x3,3,1024,3552645,LEAF_11,104,861739392,861769637,30.245,1118
2026-07-06 11:51:29.323,3x3,3,1024,3552645,LEAF_11,105,862739375,862803522,64.147,1118
2026-07-06 11:51:30.331,3x3,3,1024,3552645,LEAF_11,106,863739381,863814452,75.071,1118
2026-07-06 11:51:31.287,3x3,3,1024,3552645,LEAF_11,107,864739353,864768908,29.555,1118
2026-07-06 11:51:32.303,3x3,3,1024,3552645,LEAF_11,108,865739372,865785342,45.970,1118
2026-07-06 11:51:33.292,3x3,3,1024,3552645,LEAF_11,109,866739366,866774803,35.437,1118
2026-07-06 11:51:34.290,3x3,3,1024,3552645,LEAF_11,110,867739393,867772617,33.224,1118
2026-07-06 11:51:35.284,3x3,3,1024,3552645,LEAF_11,111,868739348,868766162,26.814,1118
2026-07-06 11:51:36.293,3x3,3,1024,3552645,LEAF_11,112,869739377,869775815,36.438,1118
2026-07-06 11:51:37.298,3x3,3,1024,3552645,LEAF_11,113,870739391,870780853,41.462,1118
2026-07-06 11:51:38.285,3x3,3,1024,3552645,LEAF_11,114,871739375,871768110,28.735,1118
2026-07-06 11:51:39.291,3x3,3,1024,3552645,LEAF_11,115,872739391,872773389,33.998,1118
2026-07-06 11:51:40.286,3x3,3,1024,3552645,LEAF_11,116,873739372,873768722,29.350,1118
2026-07-06 11:51:41.294,3x3,3,1024,3552645,LEAF_11,117,874739376,874777296,37.920,1118
2026-07-06 11:51:42.285,3x3,3,1024,3552645,LEAF_11,118,875739393,875767942,28.549,1118
2026-07-06 11:51:43.286,3x3,3,1024,3552645,LEAF_11,119,876739410,876768954,29.544,1118
2026-07-06 11:51:44.320,3x3,3,1024,3552645,LEAF_11,120,877739372,877802285,62.913,1118
2026-07-06 11:51:45.283,3x3,3,1024,3552645,LEAF_11,121,878739383,878766463,27.080,1118
2026-07-06 11:51:46.315,3x3,3,1024,3552645,LEAF_11,122,879739349,879798616,59.267,1118
2026-07-06 11:51:47.285,3x3,3,1024,3552645,LEAF_11,123,880739391,880767516,28.125,1118
2026-07-06 11:51:48.285,3x3,3,1024,3552645,LEAF_11,124,881739365,881767408,28.043,1118
2026-07-06 11:51:49.487,3x3,3,1024,3552645,LEAF_11,125,882739369,882970284,230.915,1118
2026-07-06 11:51:50.457,3x3,3,1024,3552645,LEAF_11,126,883739347,883940422,201.075,1118
2026-07-06 11:51:51.349,3x3,3,1024,3552645,LEAF_11,127,884739370,884832063,92.693,1118
2026-07-06 11:51:52.285,3x3,3,1024,3552645,LEAF_11,128,885739358,885768367,29.009,1118
2026-07-06 11:51:54.877,3x3,3,1024,3552645,LEAF_11,129,886739381,888360577,1621.196,1118
2026-07-06 11:51:55.149,3x3,3,1024,3552645,LEAF_11,130,887739365,888632478,893.113,1118
2026-07-06 11:51:55.317,3x3,3,1024,3552645,LEAF_11,131,888739396,888800920,61.524,1118
2026-07-06 11:51:56.380,3x3,3,1024,3552645,LEAF_11,132,889739378,889863722,124.344,1118
2026-07-06 11:51:57.502,3x3,3,1024,3552645,LEAF_11,133,890739348,890986446,247.098,1118
2026-07-06 11:51:58.341,3x3,3,1024,3552645,LEAF_11,134,891739378,891824540,85.162,1118
2026-07-06 11:51:59.431,3x3,3,1024,3552645,LEAF_11,135,892739381,892915028,175.647,1118
2026-07-06 11:52:00.443,3x3,3,1024,3552645,LEAF_11,136,893739375,893927056,187.681,1118
2026-07-06 11:52:01.315,3x3,3,1024,3552645,LEAF_11,137,894739362,894799008,59.646,1118
2026-07-06 11:52:02.529,3x3,3,1024,3552645,LEAF_11,138,895739393,896012618,273.225,1118
2026-07-06 11:52:03.630,3x3,3,1024,3552645,LEAF_11,139,896739347,897114031,374.684,1118
2026-07-06 11:52:04.564,3x3,3,1024,3552645,LEAF_11,140,897739359,898048429,309.070,1118
2026-07-06 11:52:05.335,3x3,3,1024,3552645,LEAF_11,141,898739360,898818962,79.602,1118
2026-07-06 11:52:06.436,3x3,3,1024,3552645,LEAF_11,142,899739376,899920120,180.744,1118
2026-07-06 11:52:07.558,3x3,3,1024,3552645,LEAF_11,143,900739365,901041575,302.210,1118
2026-07-06 11:52:08.346,3x3,3,1024,3552645,LEAF_11,144,901739366,901830993,91.627,1118
2026-07-06 11:52:15.560,3x3,3,1024,3552645,LEAF_11,145,902739374,909044949,6305.575,1118
2026-07-06 11:52:15.902,3x3,3,1024,3552645,LEAF_11,146,903739351,909386391,5647.040,1118
2026-07-06 11:52:16.139,3x3,3,1024,3552645,LEAF_11,147,904739363,909623806,4884.443,1118
2026-07-06 11:52:16.148,3x3,3,1024,3552645,LEAF_11,148,905739386,909632768,3893.382,1118
2026-07-06 11:52:16.292,3x3,3,1024,3552645,LEAF_11,149,906739374,909776510,3037.136,1118
2026-07-06 11:52:16.355,3x3,3,1024,3552645,LEAF_11,150,907739381,909839728,2100.347,1118
2026-07-06 11:52:16.389,3x3,3,1024,3552645,LEAF_11,151,908739364,909873774,1134.410,1118
2026-07-06 11:52:16.641,3x3,3,1024,3552645,LEAF_11,152,909739350,910125184,385.834,1118
2026-07-06 11:52:18.862,3x3,3,1024,3552645,LEAF_11,153,910739371,912347129,1607.758,1118
2026-07-06 11:52:19.137,3x3,3,1024,3552645,LEAF_11,154,911739372,912621718,882.346,1118
2026-07-06 11:52:19.552,3x3,3,1024,3552645,LEAF_11,155,912739366,913037367,298.001,1118
2026-07-06 11:52:20.314,3x3,3,1024,3552645,LEAF_11,156,913752459,913798931,46.472,1118
2026-07-06 11:52:21.347,3x3,3,1024,3552645,LEAF_11,157,914752463,914832060,79.597,1118
2026-07-06 11:52:22.484,3x3,3,1024,3552645,LEAF_11,158,915752439,915969108,216.669,1118
2026-07-06 11:52:23.331,3x3,3,1024,3552645,LEAF_11,159,916752436,916815962,63.526,1118
2026-07-06 11:52:24.396,3x3,3,1024,3552645,LEAF_11,160,917752474,917881358,128.884,1118
2026-07-06 11:52:27.171,3x3,3,1024,3552645,LEAF_11,161,918752462,920656042,1903.580,1118
2026-07-06 11:52:27.768,3x3,3,1024,3552645,LEAF_11,162,919752468,921253512,1501.044,1118
2026-07-06 11:52:30.133,3x3,3,1024,3552645,LEAF_11,163,920752464,923618616,2866.152,1118
2026-07-06 11:52:30.223,3x3,3,1024,3552645,LEAF_11,164,921752453,923707984,1955.531,1118
2026-07-06 11:52:30.233,3x3,3,1024,3552645,LEAF_11,165,922752441,923717830,965.389,1118
2026-07-06 11:52:30.916,3x3,3,1024,3552645,LEAF_11,166,923752439,924405886,653.447,1118
2026-07-06 11:52:31.283,3x3,3,1024,3552645,LEAF_11,167,924752467,924771945,19.478,1118
2026-07-06 11:52:32.282,3x3,3,1024,3552645,LEAF_11,168,925752465,925771203,18.738,1118
2026-07-06 11:52:33.288,3x3,3,1024,3552645,LEAF_11,169,926752477,926773768,21.291,1118
2026-07-06 11:52:34.284,3x3,3,1024,3552645,LEAF_11,170,927752467,927770610,18.143,1118
2026-07-06 11:52:35.284,3x3,3,1024,3552645,LEAF_11,171,928752439,928769881,17.442,1118
2026-07-06 11:52:36.281,3x3,3,1024,3552645,LEAF_11,172,929752467,929768077,15.610,1118
2026-07-06 11:52:37.316,3x3,3,1024,3552645,LEAF_11,173,930752460,930802813,50.353,1118
2026-07-06 11:52:38.291,3x3,3,1024,3552645,LEAF_11,174,931752477,931777379,24.902,1118
2026-07-06 11:52:39.282,3x3,3,1024,3552645,LEAF_11,175,932752456,932768402,15.946,1118
2026-07-06 11:52:41.287,3x3,3,1024,3552645,LEAF_11,177,934752460,934773361,20.901,1118
2026-07-06 11:52:42.283,3x3,3,1024,3552645,LEAF_11,178,935752467,935769764,17.297,1118
2026-07-06 11:52:43.287,3x3,3,1024,3552645,LEAF_11,179,936752439,936773697,21.258,1118
2026-07-06 11:52:44.286,3x3,3,1024,3552645,LEAF_11,180,937752473,937773008,20.535,1118
2026-07-06 11:52:45.341,3x3,3,1024,3552645,LEAF_11,181,938752488,938828060,75.572,1118
2026-07-06 11:52:46.292,3x3,3,1024,3552645,LEAF_11,182,939752477,939778709,26.232,1118
2026-07-06 11:52:47.283,3x3,3,1024,3552645,LEAF_11,183,940752447,940769690,17.243,1118
2026-07-06 11:52:48.285,3x3,3,1024,3552645,LEAF_11,184,941752450,941771998,19.548,1118
2026-07-06 11:52:49.304,3x3,3,1024,3552645,LEAF_11,185,942752476,942790685,38.209,1118
2026-07-06 11:52:50.285,3x3,3,1024,3552645,LEAF_11,186,943752456,943772131,19.675,1118
2026-07-06 11:52:51.288,3x3,3,1024,3552645,LEAF_11,187,944752456,944775289,22.833,1118
2026-07-06 11:52:52.355,3x3,3,1024,3552645,LEAF_11,188,945752473,945842626,90.153,1118
2026-07-06 11:52:53.295,3x3,3,1024,3552645,LEAF_11,189,946752454,946781415,28.961,1118
2026-07-06 11:52:54.292,3x3,3,1024,3552645,LEAF_11,190,947752467,947779075,26.608,1118
2026-07-06 11:52:55.286,3x3,3,1024,3552645,LEAF_11,191,948752487,948773897,21.410,1118
2026-07-06 11:52:56.285,3x3,3,1024,3552645,LEAF_11,192,949752473,949772439,19.966,1118
2026-07-06 11:52:57.288,3x3,3,1024,3552645,LEAF_11,193,950752472,950776095,23.623,1118
2026-07-06 11:52:58.291,3x3,3,1024,3552645,LEAF_11,194,951752460,951778273,25.813,1118
2026-07-06 11:52:59.282,3x3,3,1024,3552645,LEAF_11,195,952752476,952770259,17.783,1118
2026-07-06 11:53:00.286,3x3,3,1024,3552645,LEAF_11,196,953752455,953773486,21.031,1118
2026-07-06 11:53:01.301,3x3,3,1024,3552645,LEAF_11,197,954752460,954789286,36.826,1118
2026-07-06 11:53:02.285,3x3,3,1024,3552645,LEAF_11,198,955752461,955772464,20.003,1118
2026-07-06 11:53:03.287,3x3,3,1024,3552645,LEAF_11,199,956752443,956775409,22.966,1118
2026-07-06 11:53:04.289,3x3,3,1024,3552645,LEAF_11,200,957752476,957777560,25.084,1118
2026-07-06 11:53:05.288,3x3,3,1024,3552645,LEAF_11,201,958752450,958775473,23.023,1118
2026-07-06 11:53:06.283,3x3,3,1024,3552645,LEAF_11,202,959752438,959771292,18.854,1118
2026-07-06 11:53:07.287,3x3,3,1024,3552645,LEAF_11,203,960752466,960774847,22.381,1118
2026-07-06 11:53:08.295,3x3,3,1024,3552645,LEAF_11,204,961752432,961782849,30.417,1118
2026-07-06 11:53:09.285,3x3,3,1024,3552645,LEAF_11,205,962752445,962773423,20.978,1118
2026-07-06 11:53:10.310,3x3,3,1024,3552645,LEAF_11,206,963752467,963798444,45.977,1118
2026-07-06 11:53:11.297,3x3,3,1024,3552645,LEAF_11,207,964752455,964785407,32.952,1118
2026-07-06 11:53:12.287,3x3,3,1024,3552645,LEAF_11,208,965752472,965775132,22.660,1118
2026-07-06 11:53:13.290,3x3,3,1024,3552645,LEAF_11,209,966752472,966778174,25.702,1118
2026-07-06 11:53:14.285,3x3,3,1024,3552645,LEAF_11,210,967752458,967773663,21.205,1118
2026-07-06 11:53:15.284,3x3,3,1024,3552645,LEAF_11,211,968752476,968772469,19.993,1118
2026-07-06 11:53:16.290,3x3,3,1024,3552645,LEAF_11,212,969752460,969778725,26.265,1118
2026-07-06 11:53:17.283,3x3,3,1024,3552645,LEAF_11,213,970752455,970771647,19.192,1118
2026-07-06 11:53:18.286,3x3,3,1024,3552645,LEAF_11,214,971752476,971774692,22.216,1118
2026-07-06 11:53:19.283,3x3,3,1024,3552645,LEAF_11,215,972752468,972771683,19.215,1118
2026-07-06 11:53:20.285,3x3,3,1024,3552645,LEAF_11,216,973748944,973774251,25.307,1118
2026-07-06 11:53:21.283,3x3,3,1024,3552645,LEAF_11,217,974748902,974771882,22.980,1118
2026-07-06 11:53:22.301,3x3,3,1024,3552645,LEAF_11,218,975748907,975790174,41.267,1118
2026-07-06 11:53:23.287,3x3,3,1024,3552645,LEAF_11,219,976748915,976775901,26.986,1118
2026-07-06 11:53:24.341,3x3,3,1024,3552645,LEAF_11,220,977748935,977829776,80.841,1118
2026-07-06 11:53:25.303,3x3,3,1024,3552645,LEAF_11,221,978748935,978792244,43.309,1118
2026-07-06 11:53:26.293,3x3,3,1024,3552645,LEAF_11,222,979748928,979781959,33.031,1118
2026-07-06 11:53:27.305,3x3,3,1024,3552645,LEAF_11,223,980748917,980794474,45.557,1118
2026-07-06 11:53:28.286,3x3,3,1024,3552645,LEAF_11,224,981748900,981775018,26.118,1118
2026-07-06 11:53:29.312,3x3,3,1024,3552645,LEAF_11,225,982748902,982800793,51.891,1118
2026-07-06 11:53:30.283,3x3,3,1024,3552645,LEAF_11,226,983748907,983772457,23.550,1118
2026-07-06 11:53:31.283,3x3,3,1024,3552645,LEAF_11,227,984748927,984772715,23.788,1118
2026-07-06 11:53:32.290,3x3,3,1024,3552645,LEAF_11,228,985748915,985779848,30.933,1118
2026-07-06 11:53:33.376,3x3,3,1024,3552645,LEAF_11,229,986748921,986866716,117.795,1118
2026-07-06 11:53:34.287,3x3,3,1024,3552645,LEAF_11,230,987748925,987775135,26.210,1118
2026-07-06 11:53:35.287,3x3,3,1024,3552645,LEAF_11,231,988748900,988775077,26.177,1118
2026-07-06 11:53:36.290,3x3,3,1024,3552645,LEAF_11,232,989748935,989778693,29.758,1118
2026-07-06 11:53:37.288,3x3,3,1024,3552645,LEAF_11,233,990748921,990777352,28.431,1118
2026-07-06 11:53:38.285,3x3,3,1024,3552645,LEAF_11,234,991748908,991773436,24.528,1118
2026-07-06 11:53:39.285,3x3,3,1024,3552645,LEAF_11,235,992748907,992773181,24.274,1118
2026-07-06 11:53:40.287,3x3,3,1024,3552645,LEAF_11,236,993748890,993776053,27.163,1118
2026-07-06 11:53:41.289,3x3,3,1024,3552645,LEAF_11,237,994748902,994777422,28.520,1118
2026-07-06 11:53:42.287,3x3,3,1024,3552645,LEAF_11,238,995748927,995775416,26.489,1118
2026-07-06 11:53:43.294,3x3,3,1024,3552645,LEAF_11,239,996755808,996783080,27.272,1118
2026-07-06 11:53:44.292,3x3,3,1024,3552645,LEAF_11,240,997754918,997781024,26.106,1118
2026-07-06 11:53:45.289,3x3,3,1024,3552645,LEAF_11,241,998754911,998778702,23.791,1118
2026-07-06 11:53:46.290,3x3,3,1024,3552645,LEAF_11,242,999754928,999779829,24.901,1118
2026-07-06 11:53:47.295,3x3,3,1024,3552645,LEAF_11,243,1000754903,1000783789,28.886,1119
2026-07-06 11:53:48.291,3x3,3,1024,3552645,LEAF_11,244,1001754909,1001780062,25.153,1119
2026-07-06 11:53:49.297,3x3,3,1024,3552645,LEAF_11,245,1002754910,1002786623,31.713,1119
2026-07-06 11:53:50.360,3x3,3,1024,3552645,LEAF_11,246,1003754940,1003849740,94.800,1119
2026-07-06 11:53:51.292,3x3,3,1024,3552645,LEAF_11,247,1004754929,1004781578,26.649,1119
2026-07-06 11:53:52.302,3x3,3,1024,3552645,LEAF_11,248,1005754923,1005790950,36.027,1119
2026-07-06 11:53:53.292,3x3,3,1024,3552645,LEAF_11,249,1006754903,1006781752,26.849,1119
2026-07-06 11:53:54.327,3x3,3,1024,3552645,LEAF_11,250,1007754894,1007817093,62.199,1119
2026-07-06 11:53:55.290,3x3,3,1024,3552645,LEAF_11,251,1008754916,1008779281,24.365,1119
2026-07-06 11:53:56.296,3x3,3,1024,3552645,LEAF_11,252,1009754899,1009786224,31.325,1119
2026-07-06 11:53:57.296,3x3,3,1024,3552645,LEAF_11,253,1010754921,1010786136,31.215,1119
2026-07-06 11:53:58.296,3x3,3,1024,3552645,LEAF_11,254,1011754938,1011785224,30.286,1119
2026-07-06 11:53:59.294,3x3,3,1024,3552645,LEAF_11,255,1012754930,1012784524,29.594,1119
2026-07-06 11:54:00.299,3x3,3,1024,3552645,LEAF_11,256,1013754927,1013788957,34.030,1119
2026-07-06 11:54:01.290,3x3,3,1024,3552645,LEAF_11,257,1014754900,1014779729,24.829,1119
2026-07-06 11:54:02.294,3x3,3,1024,3552645,LEAF_11,258,1015754923,1015783438,28.515,1119
2026-07-06 11:54:03.291,3x3,3,1024,3552645,LEAF_11,259,1016754906,1016780656,25.750,1119
2026-07-06 11:54:04.293,3x3,3,1024,3552645,LEAF_11,260,1017754931,1017783123,28.192,1119
2026-07-06 11:54:05.296,3x3,3,1024,3552645,LEAF_11,261,1018754939,1018786678,31.739,1119
2026-07-06 11:54:06.297,3x3,3,1024,3552645,LEAF_11,262,1019754939,1019787582,32.643,1119
2026-07-06 11:54:07.292,3x3,3,1024,3552645,LEAF_11,263,1020754898,1020782551,27.653,1119
2026-07-06 11:54:08.291,3x3,3,1024,3552645,LEAF_11,264,1021754909,1021781306,26.397,1119
2026-07-06 11:54:09.292,3x3,3,1024,3552645,LEAF_11,265,1022754918,1022781995,27.077,1119
2026-07-06 11:54:10.290,3x3,3,1024,3552645,LEAF_11,266,1023754917,1023780532,25.615,1119
2026-07-06 11:54:11.291,3x3,3,1024,3552645,LEAF_11,267,1024754901,1024781871,26.970,1119
2026-07-06 11:54:12.293,3x3,3,1024,3552645,LEAF_11,268,1025754911,1025783985,29.074,1119
2026-07-06 11:54:13.292,3x3,3,1024,3552645,LEAF_11,269,1026754930,1026782800,27.870,1119
2026-07-06 11:54:14.292,3x3,3,1024,3552645,LEAF_11,270,1027754924,1027782262,27.338,1119
2026-07-06 11:54:15.290,3x3,3,1024,3552645,LEAF_11,271,1028754910,1028780861,25.951,1119
2026-07-06 11:54:16.293,3x3,3,1024,3552645,LEAF_11,272,1029754939,1029783664,28.725,1119
2026-07-06 11:54:17.291,3x3,3,1024,3552645,LEAF_11,273,1030754904,1030781604,26.700,1119
2026-07-06 11:54:18.292,3x3,3,1024,3552645,LEAF_11,274,1031754911,1031782831,27.920,1119
2026-07-06 11:54:19.297,3x3,3,1024,3552645,LEAF_11,275,1032754925,1032782028,27.103,1119
2026-07-06 11:54:20.301,3x3,3,1024,3552645,LEAF_11,276,1033766544,1033786257,19.713,1119
2026-07-06 11:54:21.303,3x3,3,1024,3552645,LEAF_11,277,1034761672,1034784174,22.502,1119
2026-07-06 11:54:22.309,3x3,3,1024,3552645,LEAF_11,278,1035761653,1035783833,22.180,1119
2026-07-06 11:54:23.302,3x3,3,1024,3552645,LEAF_11,279,1036761662,1036792893,31.231,1119
2026-07-06 11:54:24.305,3x3,3,1024,3552645,LEAF_11,280,1037761654,1037796276,34.622,1119
2026-07-06 11:54:25.290,3x3,3,1024,3552645,LEAF_11,281,1038761687,1038781629,19.942,1119
2026-07-06 11:54:26.291,3x3,3,1024,3552645,LEAF_11,282,1039761687,1039782666,20.979,1119
2026-07-06 11:54:27.294,3x3,3,1024,3552645,LEAF_11,283,1040761695,1040785685,23.990,1119
2026-07-06 11:54:28.301,3x3,3,1024,3552645,LEAF_11,284,1041761677,1041792568,30.891,1119
2026-07-06 11:54:29.298,3x3,3,1024,3552645,LEAF_11,285,1042761668,1042790002,28.334,1119
2026-07-06 11:54:30.291,3x3,3,1024,3552645,LEAF_11,286,1043761666,1043782298,20.632,1119
2026-07-06 11:54:31.295,3x3,3,1024,3552645,LEAF_11,287,1044761660,1044786978,25.318,1119
2026-07-06 11:54:32.296,3x3,3,1024,3552645,LEAF_11,288,1045761687,1045787498,25.811,1119
2026-07-06 11:54:33.293,3x3,3,1024,3552645,LEAF_11,289,1046761667,1046784698,23.031,1119
2026-07-06 11:54:34.299,3x3,3,1024,3552645,LEAF_11,290,1047761667,1047795066,33.399,1119
2026-07-06 11:54:35.298,3x3,3,1024,3552645,LEAF_11,291,1048761695,1048794092,32.397,1119
2026-07-06 11:54:36.295,3x3,3,1024,3552645,LEAF_11,292,1049761662,1049791542,29.880,1119
2026-07-06 11:54:37.298,3x3,3,1024,3552645,LEAF_11,293,1050761687,1050794192,32.505,1119
2026-07-06 11:54:38.310,3x3,3,1024,3552645,LEAF_11,294,1051761667,1051805737,44.070,1119
2026-07-06 11:54:39.291,3x3,3,1024,3552645,LEAF_11,295,1052761660,1052788018,26.358,1119
2026-07-06 11:54:40.292,3x3,3,1024,3552645,LEAF_11,296,1053761680,1053788302,26.622,1119
2026-07-06 11:54:41.293,3x3,3,1024,3552645,LEAF_11,297,1054761660,1054789339,27.679,1119
2026-07-06 11:54:42.304,3x3,3,1024,3552645,LEAF_11,298,1055761687,1055800503,38.816,1119
2026-07-06 11:54:43.294,3x3,3,1024,3552645,LEAF_11,299,1056761660,1056790235,28.575,1119
2026-07-06 11:54:44.293,3x3,3,1024,3552645,LEAF_11,300,1057761676,1057789538,27.862,1119
2026-07-06 11:54:45.321,3x3,3,1024,3552645,LEAF_11,301,1058761675,1058817034,55.359,1119
2026-07-06 11:54:46.297,3x3,3,1024,3552645,LEAF_11,302,1059761666,1059793987,32.321,1119
2026-07-06 11:54:47.300,3x3,3,1024,3552645,LEAF_11,303,1060761650,1060796544,34.894,1119
2026-07-06 11:54:48.295,3x3,3,1024,3552645,LEAF_11,304,1061761687,1061790825,29.138,1119
2026-07-06 11:54:49.293,3x3,3,1024,3552645,LEAF_11,305,1062761667,1062790338,28.671,1119
2026-07-06 11:54:50.310,3x3,3,1024,3552645,LEAF_11,306,1063761693,1063807343,45.650,1119
2026-07-06 11:54:51.294,3x3,3,1024,3552645,LEAF_11,307,1064761661,1064790920,29.259,1119
2026-07-06 11:54:52.354,3x3,3,1024,3552645,LEAF_11,308,1065761687,1065850919,89.232,1119
2026-07-06 11:54:53.293,3x3,3,1024,3552645,LEAF_11,309,1066761681,1066790390,28.709,1119
2026-07-06 11:54:54.303,3x3,3,1024,3552645,LEAF_11,310,1067761679,1067799691,38.012,1119
2026-07-06 11:54:55.311,3x3,3,1024,3552645,LEAF_11,311,1068761671,1068808577,46.906,1119
2026-07-06 11:54:56.293,3x3,3,1024,3552645,LEAF_11,312,1069761694,1069790307,28.613,1119
2026-07-06 11:54:57.299,3x3,3,1024,3552645,LEAF_11,313,1070761685,1070796870,35.185,1119
2026-07-06 11:54:58.291,3x3,3,1024,3552645,LEAF_11,314,1071761664,1071788750,27.086,1119
2026-07-06 11:54:59.301,3x3,3,1024,3552645,LEAF_11,315,1072761674,1072798186,36.512,1119
2026-07-06 11:55:00.303,3x3,3,1024,3552645,LEAF_11,316,1073761678,1073800986,39.308,1119
2026-07-06 11:55:01.294,3x3,3,1024,3552645,LEAF_11,317,1074761685,1074791211,29.526,1119
2026-07-06 11:55:02.292,3x3,3,1024,3552645,LEAF_11,318,1075761672,1075789834,28.162,1119
2026-07-06 11:55:03.294,3x3,3,1024,3552645,LEAF_11,319,1076761666,1076791920,30.254,1119
2026-07-06 11:55:04.296,3x3,3,1024,3552645,LEAF_11,320,1077761692,1077794327,32.635,1119
2026-07-06 11:55:05.293,3x3,3,1024,3552645,LEAF_11,321,1078761686,1078790637,28.951,1119
2026-07-06 11:55:06.297,3x3,3,1024,3552645,LEAF_11,322,1079761697,1079794574,32.877,1119
2026-07-06 11:55:07.293,3x3,3,1024,3552645,LEAF_11,323,1080761694,1080790874,29.180,1119
2026-07-06 11:55:08.293,3x3,3,1024,3552645,LEAF_11,324,1081761658,1081790909,29.251,1119
2026-07-06 11:55:09.292,3x3,3,1024,3552645,LEAF_11,325,1082761687,1082790374,28.687,1119
2026-07-06 11:55:10.293,3x3,3,1024,3552645,LEAF_11,326,1083761682,1083790667,28.985,1119
2026-07-06 11:55:11.295,3x3,3,1024,3552645,LEAF_11,327,1084761685,1084792558,30.873,1119
2026-07-06 11:55:12.304,3x3,3,1024,3552645,LEAF_11,328,1085761693,1085801888,40.195,1119
2026-07-06 11:55:13.292,3x3,3,1024,3552645,LEAF_11,329,1086761661,1086790030,28.369,1119
2026-07-06 11:55:14.291,3x3,3,1024,3552645,LEAF_11,330,1087761652,1087789441,27.789,1119
2026-07-06 11:55:15.295,3x3,3,1024,3552645,LEAF_11,331,1088761680,1088793400,31.720,1119
2026-07-06 11:55:16.295,3x3,3,1024,3552645,LEAF_11,332,1089761684,1089793609,31.925,1119
2026-07-06 11:55:17.291,3x3,3,1024,3552645,LEAF_11,333,1090761694,1090789748,28.054,1119
2026-07-06 11:55:18.292,3x3,3,1024,3552645,LEAF_11,334,1091761664,1091790725,29.061,1119
2026-07-06 11:55:19.297,3x3,3,1024,3552645,LEAF_11,335,1092761673,1092795403,33.730,1119
2026-07-06 11:55:20.296,3x3,3,1024,3552645,LEAF_11,336,1093768958,1093794876,25.918,1119
2026-07-06 11:55:21.295,3x3,3,1024,3552645,LEAF_11,337,1094767982,1094793458,25.476,1119
2026-07-06 11:55:22.293,3x3,3,1024,3552645,LEAF_11,338,1095767936,1095792295,24.359,1119
2026-07-06 11:55:23.293,3x3,3,1024,3552645,LEAF_11,339,1096767945,1096792289,24.344,1119
2026-07-06 11:55:24.298,3x3,3,1024,3552645,LEAF_11,340,1097767963,1097796764,28.801,1119
2026-07-06 11:55:25.298,3x3,3,1024,3552645,LEAF_11,341,1098767944,1098796662,28.718,1119
2026-07-06 11:55:26.293,3x3,3,1024,3552645,LEAF_11,342,1099767948,1099792404,24.456,1119
2026-07-06 11:55:27.292,3x3,3,1024,3552645,LEAF_11,343,1100767955,1100790746,22.791,1119
2026-07-06 11:55:28.297,3x3,3,1024,3552645,LEAF_11,344,1101767977,1101795810,27.833,1119
2026-07-06 11:55:29.305,3x3,3,1024,3552645,LEAF_11,345,1102767948,1102803726,35.778,1119
2026-07-06 11:55:30.292,3x3,3,1024,3552645,LEAF_11,346,1103767973,1103791523,23.550,1119
2026-07-06 11:55:31.291,3x3,3,1024,3552645,LEAF_11,347,1104767984,1104790633,22.649,1119
2026-07-06 11:55:32.291,3x3,3,1024,3552645,LEAF_11,348,1105767954,1105790631,22.677,1119
2026-07-06 11:55:33.294,3x3,3,1024,3552645,LEAF_11,349,1106767962,1106793492,25.530,1119
2026-07-06 11:55:34.403,3x3,3,1024,3552645,LEAF_11,350,1107767973,1107902052,134.079,1119
2026-07-06 11:55:35.293,3x3,3,1024,3552645,LEAF_11,351,1108767948,1108792259,24.311,1119
2026-07-06 11:55:36.294,3x3,3,1024,3552645,LEAF_11,352,1109767982,1109792138,24.156,1119
2026-07-06 11:55:37.295,3x3,3,1024,3552645,LEAF_11,353,1110767944,1110794084,26.140,1119
2026-07-06 11:55:38.298,3x3,3,1024,3552645,LEAF_11,354,1111767955,1111796961,29.006,1119
2026-07-06 11:55:39.296,3x3,3,1024,3552645,LEAF_11,355,1112767944,1112794885,26.941,1119
2026-07-06 11:55:40.293,3x3,3,1024,3552645,LEAF_11,356,1113767980,1113792095,24.115,1119
2026-07-06 11:55:41.299,3x3,3,1024,3552645,LEAF_11,357,1114767948,1114798840,30.892,1119
2026-07-06 11:55:42.304,3x3,3,1024,3552645,LEAF_11,358,1115767967,1115802486,34.519,1119
2026-07-06 11:55:43.597,3x3,3,1024,3552645,LEAF_11,359,1116767948,1117095867,327.919,1119
2026-07-06 11:55:44.297,3x3,3,1024,3552645,LEAF_11,360,1117767969,1117796326,28.357,1119
2026-07-06 11:55:45.295,3x3,3,1024,3552645,LEAF_11,361,1118767959,1118794573,26.614,1119
2026-07-06 11:55:46.296,3x3,3,1024,3552645,LEAF_11,362,1119767952,1119795254,27.302,1119
2026-07-06 11:55:47.354,3x3,3,1024,3552645,LEAF_11,363,1120767980,1120794871,26.891,1119
2026-07-06 11:55:48.294,3x3,3,1024,3552645,LEAF_11,364,1121767962,1121793837,25.875,1119
2026-07-06 11:55:49.291,3x3,3,1024,3552645,LEAF_11,365,1122767953,1122791471,23.518,1119
2026-07-06 11:55:50.292,3x3,3,1024,3552645,LEAF_11,366,1123767952,1123792029,24.077,1119
2026-07-06 11:55:51.395,3x3,3,1024,3552645,LEAF_11,367,1124767953,1124868952,100.999,1119
2026-07-06 11:55:52.297,3x3,3,1024,3552645,LEAF_11,368,1125767952,1125797295,29.343,1119
2026-07-06 11:55:53.299,3x3,3,1024,3552645,LEAF_11,369,1126767953,1126798929,30.976,1119
2026-07-06 11:55:54.302,3x3,3,1024,3552645,LEAF_11,370,1127767970,1127801785,33.815,1119
2026-07-06 11:55:55.533,3x3,3,1024,3552645,LEAF_11,371,1128767986,1129032742,264.756,1119
2026-07-06 11:55:56.294,3x3,3,1024,3552645,LEAF_11,372,1129767981,1129793456,25.475,1119
2026-07-06 11:55:57.294,3x3,3,1024,3552645,LEAF_11,373,1130767972,1130792976,25.004,1119
2026-07-06 11:55:58.295,3x3,3,1024,3552645,LEAF_11,374,1131767972,1131795471,27.499,1119
2026-07-06 11:55:59.300,3x3,3,1024,3552645,LEAF_11,375,1132767974,1132800332,32.358,1119
2026-07-06 11:56:00.294,3x3,3,1024,3552645,LEAF_11,376,1133767982,1133794167,26.185,1119
2026-07-06 11:56:01.296,3x3,3,1024,3552645,LEAF_11,377,1134767981,1134796406,28.425,1119
2026-07-06 11:56:02.299,3x3,3,1024,3552645,LEAF_11,378,1135767963,1135799198,31.235,1119
2026-07-06 11:56:03.295,3x3,3,1024,3552645,LEAF_11,379,1136767966,1136796036,28.070,1119
2026-07-06 11:56:04.299,3x3,3,1024,3552645,LEAF_11,380,1137767953,1137798990,31.037,1119
2026-07-06 11:56:05.297,3x3,3,1024,3552645,LEAF_11,381,1138767953,1138797713,29.760,1119
2026-07-06 11:56:06.292,3x3,3,1024,3552645,LEAF_11,382,1139767946,1139792788,24.842,1119
2026-07-06 11:56:07.293,3x3,3,1024,3552645,LEAF_11,383,1140767948,1140794225,26.277,1119
2026-07-06 11:56:08.299,3x3,3,1024,3552645,LEAF_11,384,1141767962,1141800390,32.428,1119
2026-07-06 11:56:09.296,3x3,3,1024,3552645,LEAF_11,385,1142767954,1142796539,28.585,1119
2026-07-06 11:56:10.295,3x3,3,1024,3552645,LEAF_11,386,1143767981,1143796448,28.467,1119
2026-07-06 11:56:11.299,3x3,3,1024,3552645,LEAF_11,387,1144767956,1144799997,32.041,1119
2026-07-06 11:56:12.293,3x3,3,1024,3552645,LEAF_11,388,1145767961,1145793873,25.912,1119
2026-07-06 11:56:13.297,3x3,3,1024,3552645,LEAF_11,389,1146767953,1146798385,30.432,1119
2026-07-06 11:56:14.295,3x3,3,1024,3552645,LEAF_11,390,1147767946,1147795525,27.579,1119
2026-07-06 11:56:15.306,3x3,3,1024,3552645,LEAF_11,391,1148767985,1148806604,38.619,1119
2026-07-06 11:56:16.298,3x3,3,1024,3552645,LEAF_11,392,1149767953,1149799776,31.823,1119
2026-07-06 11:56:17.295,3x3,3,1024,3552645,LEAF_11,393,1150767968,1150796051,28.083,1119
2026-07-06 11:56:18.293,3x3,3,1024,3552645,LEAF_11,394,1151767953,1151794500,26.547,1119
2026-07-06 11:56:19.304,3x3,3,1024,3552645,LEAF_11,395,1152767941,1152805839,37.898,1119
2026-07-06 11:56:20.302,3x3,3,1024,3552645,LEAF_11,396,1153777137,1153802199,25.062,1119
2026-07-06 11:56:21.301,3x3,3,1024,3552645,LEAF_11,397,1154774661,1154802252,27.591,1119
2026-07-06 11:56:22.294,3x3,3,1024,3552645,LEAF_11,398,1155774630,1155795923,21.293,1119
2026-07-06 11:56:23.293,3x3,3,1024,3552645,LEAF_11,399,1156774644,1156794352,19.708,1119
2026-07-06 11:56:24.294,3x3,3,1024,3552645,LEAF_11,400,1157774651,1157795948,21.297,1119
2026-07-06 11:56:25.293,3x3,3,1024,3552645,LEAF_11,401,1158774665,1158794997,20.332,1119
2026-07-06 11:56:26.303,3x3,3,1024,3552645,LEAF_11,402,1159774637,1159805296,30.659,1119
2026-07-06 11:56:27.334,3x3,3,1024,3552645,LEAF_11,403,1160774648,1160836082,61.434,1119
2026-07-06 11:56:28.295,3x3,3,1024,3552645,LEAF_11,404,1161774658,1161797339,22.681,1119
2026-07-06 11:56:29.295,3x3,3,1024,3552645,LEAF_11,405,1162774646,1162796740,22.094,1119
2026-07-06 11:56:30.297,3x3,3,1024,3552645,LEAF_11,406,1163774647,1163798932,24.285,1119
2026-07-06 11:56:31.299,3x3,3,1024,3552645,LEAF_11,407,1164774641,1164801577,26.936,1119
2026-07-06 11:56:32.294,3x3,3,1024,3552645,LEAF_11,408,1165774646,1165795844,21.198,1119
2026-07-06 11:56:33.295,3x3,3,1024,3552645,LEAF_11,409,1166774630,1166797197,22.567,1119
2026-07-06 11:56:34.408,3x3,3,1024,3552645,LEAF_11,410,1167774626,1167910150,135.524,1119
2026-07-06 11:56:35.292,3x3,3,1024,3552645,LEAF_11,411,1168774638,1168795284,20.646,1119
2026-07-06 11:56:36.295,3x3,3,1024,3552645,LEAF_11,412,1169774652,1169797203,22.551,1119
2026-07-06 11:56:37.294,3x3,3,1024,3552645,LEAF_11,413,1170774656,1170796948,22.292,1119
2026-07-06 11:56:38.293,3x3,3,1024,3552645,LEAF_11,414,1171774665,1171796575,21.910,1119
2026-07-06 11:56:39.294,3x3,3,1024,3552645,LEAF_11,415,1172774666,1172796957,22.291,1119
2026-07-06 11:56:40.294,3x3,3,1024,3552645,LEAF_11,416,1173774659,1173797453,22.794,1119
2026-07-06 11:56:41.299,3x3,3,1024,3552645,LEAF_11,417,1174774666,1174802562,27.896,1119
2026-07-06 11:56:42.298,3x3,3,1024,3552645,LEAF_11,418,1175774632,1175801713,27.081,1119
2026-07-06 11:56:43.295,3x3,3,1024,3552645,LEAF_11,419,1176774651,1176798093,23.442,1119
2026-07-06 11:56:44.294,3x3,3,1024,3552645,LEAF_11,420,1177774622,1177798074,23.452,1119
2026-07-06 11:56:45.299,3x3,3,1024,3552645,LEAF_11,421,1178774638,1178802622,27.984,1119
2026-07-06 11:56:46.310,3x3,3,1024,3552645,LEAF_11,422,1179774637,1179813592,38.955,1119
2026-07-06 11:56:47.301,3x3,3,1024,3552645,LEAF_11,423,1180774638,1180798762,24.124,1119
2026-07-06 11:56:48.297,3x3,3,1024,3552645,LEAF_11,424,1181774656,1181800656,26.000,1119
2026-07-06 11:56:49.295,3x3,3,1024,3552645,LEAF_11,425,1182774656,1182798582,23.926,1119
2026-07-06 11:56:50.298,3x3,3,1024,3552645,LEAF_11,426,1183774630,1183802153,27.523,1119
2026-07-06 11:56:51.299,3x3,3,1024,3552645,LEAF_11,427,1184774625,1184802599,27.974,1119
2026-07-06 11:56:52.358,3x3,3,1024,3552645,LEAF_11,428,1185774644,1185801160,26.516,1119
2026-07-06 11:56:53.299,3x3,3,1024,3552645,LEAF_11,429,1186774666,1186802786,28.120,1119
2026-07-06 11:56:54.294,3x3,3,1024,3552645,LEAF_11,430,1187774658,1187798488,23.830,1119
2026-07-06 11:56:55.531,3x3,3,1024,3552645,LEAF_11,431,1188774666,1189035270,260.604,1119
2026-07-06 11:56:56.295,3x3,3,1024,3552645,LEAF_11,432,1189774666,1189799009,24.343,1119
2026-07-06 11:56:57.296,3x3,3,1024,3552645,LEAF_11,433,1190774637,1190799838,25.201,1119
2026-07-06 11:56:58.294,3x3,3,1024,3552645,LEAF_11,434,1191774646,1191798677,24.031,1119
2026-07-06 11:56:59.294,3x3,3,1024,3552645,LEAF_11,435,1192774629,1192798782,24.153,1119
2026-07-06 11:57:00.294,3x3,3,1024,3552645,LEAF_11,436,1193774665,1193797648,22.983,1119
2026-07-06 11:57:01.297,3x3,3,1024,3552645,LEAF_11,437,1194774628,1194798597,23.969,1119
2026-07-06 11:57:02.294,3x3,3,1024,3552645,LEAF_11,438,1195774643,1195798453,23.810,1119
2026-07-06 11:57:03.298,3x3,3,1024,3552645,LEAF_11,439,1196774637,1196802514,27.877,1119
2026-07-06 11:57:04.293,3x3,3,1024,3552645,LEAF_11,440,1197774664,1197797524,22.860,1119
2026-07-06 11:57:05.385,3x3,3,1024,3552645,LEAF_11,441,1198774624,1198799435,24.811,1119
2026-07-06 11:57:06.297,3x3,3,1024,3552645,LEAF_11,442,1199774658,1199801130,26.472,1119
2026-07-06 11:57:07.298,3x3,3,1024,3552645,LEAF_11,443,1200774629,1200802974,28.345,1119
2026-07-06 11:57:08.295,3x3,3,1024,3552645,LEAF_11,444,1201774631,1201799934,25.303,1119
2026-07-06 11:57:09.294,3x3,3,1024,3552645,LEAF_11,445,1202774654,1202798811,24.157,1119
2026-07-06 11:57:10.294,3x3,3,1024,3552645,LEAF_11,446,1203774650,1203798455,23.805,1119
2026-07-06 11:57:11.300,3x3,3,1024,3552645,LEAF_11,447,1204774634,1204804644,30.010,1119
2026-07-06 11:57:12.298,3x3,3,1024,3552645,LEAF_11,448,1205774643,1205803560,28.917,1119
2026-07-06 11:57:13.295,3x3,3,1024,3552645,LEAF_11,449,1206774664,1206799118,24.454,1119
2026-07-06 11:57:14.297,3x3,3,1024,3552645,LEAF_11,450,1207774678,1207801947,27.269,1119
2026-07-06 11:57:15.300,3x3,3,1024,3552645,LEAF_11,451,1208774646,1208804657,30.011,1119
2026-07-06 11:57:16.300,3x3,3,1024,3552645,LEAF_11,452,1209774664,1209805177,30.513,1119
2026-07-06 11:57:17.301,3x3,3,1024,3552645,LEAF_11,453,1210774644,1210806455,31.811,1119
2026-07-06 11:57:18.299,3x3,3,1024,3552645,LEAF_11,454,1211774629,1211803590,28.961,1119
2026-07-06 11:57:19.299,3x3,3,1024,3552645,LEAF_11,455,1212774650,1212803467,28.817,1119
2026-07-06 11:57:20.296,3x3,3,1024,3552645,LEAF_11,456,1213779974,1213800831,20.857,1119
2026-07-06 11:57:21.299,3x3,3,1024,3552645,LEAF_11,457,1214779965,1214804644,24.679,1119
2026-07-06 11:57:22.294,3x3,3,1024,3552645,LEAF_11,458,1215779951,1215799419,19.468,1119
2026-07-06 11:57:23.298,3x3,3,1024,3552645,LEAF_11,459,1216779980,1216802709,22.729,1119
2026-07-06 11:57:24.295,3x3,3,1024,3552645,LEAF_11,460,1217779973,1217799916,19.943,1119
2026-07-06 11:57:25.392,3x3,3,1024,3552645,LEAF_11,461,1218779946,1218801139,21.193,1119
2026-07-06 11:57:26.294,3x3,3,1024,3552645,LEAF_11,462,1219779979,1219799042,19.063,1119
2026-07-06 11:57:27.296,3x3,3,1024,3552645,LEAF_11,463,1220779944,1220801897,21.953,1119
2026-07-06 11:57:28.296,3x3,3,1024,3552645,LEAF_11,464,1221779945,1221801009,21.064,1119
2026-07-06 11:57:29.296,3x3,3,1024,3552645,LEAF_11,465,1222779961,1222801744,21.783,1119
2026-07-06 11:57:30.295,3x3,3,1024,3552645,LEAF_11,466,1223779973,1223800781,20.808,1119
2026-07-06 11:57:31.304,3x3,3,1024,3552645,LEAF_11,467,1224779945,1224809832,29.887,1119
2026-07-06 11:57:32.337,3x3,3,1024,3552645,LEAF_11,468,1225779946,1225840160,60.214,1119
2026-07-06 11:57:33.298,3x3,3,1024,3552645,LEAF_11,469,1226779970,1226803708,23.738,1119
2026-07-06 11:57:34.297,3x3,3,1024,3552645,LEAF_11,470,1227779965,1227802835,22.870,1119
2026-07-06 11:57:35.295,3x3,3,1024,3552645,LEAF_11,471,1228779944,1228801170,21.226,1119
2026-07-06 11:57:36.298,3x3,3,1024,3552645,LEAF_11,472,1229779944,1229804537,24.593,1119
2026-07-06 11:57:37.300,3x3,3,1024,3552645,LEAF_11,473,1230779979,1230806148,26.169,1119
2026-07-06 11:57:38.298,3x3,3,1024,3552645,LEAF_11,474,1231779951,1231804066,24.115,1119
2026-07-06 11:57:39.305,3x3,3,1024,3552645,LEAF_11,475,1232779979,1232810996,31.017,1119
2026-07-06 11:57:40.295,3x3,3,1024,3552645,LEAF_11,476,1233779952,1233801879,21.927,1119
2026-07-06 11:57:41.301,3x3,3,1024,3552645,LEAF_11,477,1234779959,1234807439,27.480,1119
2026-07-06 11:57:42.296,3x3,3,1024,3552645,LEAF_11,478,1235779944,1235802211,22.267,1119
2026-07-06 11:57:43.308,3x3,3,1024,3552645,LEAF_11,479,1236779955,1236814555,34.600,1119
2026-07-06 11:57:44.297,3x3,3,1024,3552645,LEAF_11,480,1237780003,1237803851,23.848,1119
2026-07-06 11:57:45.296,3x3,3,1024,3552645,LEAF_11,481,1238779971,1238802756,22.785,1119
2026-07-06 11:57:46.297,3x3,3,1024,3552645,LEAF_11,482,1239779941,1239804346,24.405,1119
2026-07-06 11:57:47.296,3x3,3,1024,3552645,LEAF_11,483,1240779983,1240803661,23.678,1119
2026-07-06 11:57:48.296,3x3,3,1024,3552645,LEAF_11,484,1241779967,1241802743,22.776,1119
2026-07-06 11:57:49.297,3x3,3,1024,3552645,LEAF_11,485,1242779981,1242803360,23.379,1119
2026-07-06 11:57:50.296,3x3,3,1024,3552645,LEAF_11,486,1243779943,1243802739,22.796,1119
2026-07-06 11:57:51.298,3x3,3,1024,3552645,LEAF_11,487,1244779955,1244805345,25.390,1119
2026-07-06 11:57:52.385,3x3,3,1024,3552645,LEAF_11,488,1245779993,1245892309,112.316,1119
2026-07-06 11:57:53.295,3x3,3,1024,3552645,LEAF_11,489,1246779947,1246802523,22.576,1119
2026-07-06 11:57:54.301,3x3,3,1024,3552645,LEAF_11,490,1247779973,1247807978,28.005,1119
2026-07-06 11:57:55.535,3x3,3,1024,3552645,LEAF_11,491,1248779972,1249042614,262.642,1119
2026-07-06 11:57:56.296,3x3,3,1024,3552645,LEAF_11,492,1249779957,1249803000,23.043,1119
2026-07-06 11:57:57.306,3x3,3,1024,3552645,LEAF_11,493,1250779965,1250813157,33.192,1119
2026-07-06 11:57:58.298,3x3,3,1024,3552645,LEAF_11,494,1251779950,1251805851,25.901,1119
2026-07-06 11:57:59.297,3x3,3,1024,3552645,LEAF_11,495,1252779982,1252804913,24.931,1119
2026-07-06 11:58:00.295,3x3,3,1024,3552645,LEAF_11,496,1253779955,1253802568,22.613,1119
2026-07-06 11:58:01.298,3x3,3,1024,3552645,LEAF_11,497,1254779955,1254805610,25.655,1119
2026-07-06 11:58:02.298,3x3,3,1024,3552645,LEAF_11,498,1255779976,1255805582,25.606,1119
2026-07-06 11:58:03.302,3x3,3,1024,3552645,LEAF_11,499,1256779955,1256809535,29.580,1119
